tweet_id,user_id,created_at,text,url,mentions,lang,favorites,retweets,replies,quotes,views,hashtags
1812819356268572694,730795084053159937,Mon Jul 15 11:59:49 +0000 2024,"How long do you think it takes for a startup to acquire its first 1,000 users For instance, Piggyvest achieved this milestone in 9 months, whereas Altschool accomplished it in just one week. OpenAI's ChatGPT had 1 million users in 5 days While your productservice may not be ChatGPT, this article shares actionable tactics to help you acquire your first 1,000 users. Read here",https://t.co/aCaGgDGCWD,,en,7,3,0,1,470,
1810976469855703327,1314709975906873345,Wed Jul 10 09:56:51 +0000 2024,"If anyone on ng twt ever sends me death threats l, Im going to go into my PiggyVest, take all the money there to Panti police station to use that money to help the police find you and to help me lock you up for attempted murder.",,,en,95,32,2,3,6718,
1807325886192001094,4882730440,Sun Jun 30 08:10:44 +0000 2024,Which is better Piggyvest Or Cowrywise,https://t.co/Sx0M5sZOLr,,en,19,9,8,2,3148,
1807730873376051428,838383229098946560,Mon Jul 01 11:00:00 +0000 2024,Piggyvest I know its my end of the month savings you dey find like this,https://t.co/vLrLN6H2a9,,en,17,1,2,0,2379,
1807796060519329951,263100403,Mon Jul 01 15:19:02 +0000 2024,20 members on my Piggyvest Target savings and weve saved almost 1.7m. Click on the link below to join ,https://t.co/KaNEX4SomE,,en,0,0,0,0,742,
1807666540638060672,180019073,Mon Jul 01 06:44:22 +0000 2024,"I don't use piggyvest. So every time I need to download it for one reason or the other, I always have to reset my password even though my password is correct  And then the app tell me to update by force, but i literally just downloaded it fresh from the app store.",https://t.co/gEoZlxHkDR,,en,5,1,3,0,1573,
1807757916394356947,1129689823890026496,Mon Jul 01 12:47:28 +0000 2024,"The fire, the energy is  This week roar in my house KINIHUN  FOLLOW this page for more Christian content   verydarkman Iyabo Ojo Koko Zaria Toyin Abraham Sagamu Osimhen Nnamdi Kanu Reno Omokri PiggyVest Unilag Owerri Abeokuta LUTH",https://t.co/9x4S4cG8V5,,en,5,5,1,0,1917,verydarkman
1807716025636388865,3108236619,Mon Jul 01 10:01:00 +0000 2024, Piggyvest is so tsundere and I love it.,https://t.co/LYZFMsvpLL,,en,6,0,0,0,835,
1807724245427929237,115628224,Mon Jul 01 10:33:40 +0000 2024,"Two emails stand out in the Vantage Book. One from Mr Kayode Soyombo to the founders of Bluechip Technologies and and the other email from Otunba Sho to the founders of Piggyvest Somto, Joshua and co. Both emails, just 2.5 years apart, served the same purpose the place of mentorship in building the future. The emails could have been written by the same person really. Same energy. Those who have been set straight must pay it forward by helping to shape the future. Vantage is available at and on Amazon. PS If you are building in Nigeria or looking to build and you dont read Vantage, I dont consider you a serious builder. You fit just go do brikila dey mount blocks literally.",,@OtunbaSho1 @KazTewogbade @OdunEweniyi @Rovingheights,en,7,2,1,0,4094,
1807845530342416528,1214605449728843780,Mon Jul 01 18:35:37 +0000 2024,HOW PIGGYVEST CAN HELP YOU ENABLE YOUR FINANCIAL PRUDENCE FROM MY OWN EXPERIENCE WITH THE APP.  A thread. I am going to try to make this as relatable and practical as possible. So lets go,https://t.co/vyPETB8YSB,,en,128,51,9,3,18450,
1807373252001411109,1406245017652502533,Sun Jun 30 11:18:57 +0000 2024,"Your Autosave of 500 didn't go Piggyvest, how will it go",https://t.co/RKmR8XlpmM,,en,23,1,2,2,3169,
1807776035422806233,94210183,Mon Jul 01 13:59:28 +0000 2024,dont suddenly slump amp die in June remember the hustle is for the living BuyOneGetOneFree warehoused clearance sale Canada Unilag Nedu PiggyVest Joke Silva Akoka Zaria iPhone 12 First Lady ,https://t.co/rIG67RmYPa,,en,0,0,0,0,385,
1807774553281572967,200169173,Mon Jul 01 13:53:34 +0000 2024,"All roads leads to LEKKI AVIATION TOWN on Tuesday 2nd July, 2024 for the GRAND LAUNCH and Housing Deficit summit. billionairerealtor Koko Zaria Toyin Abraham Wike Piggyvest Dapo Abiodun Unilag Naijarealtor",https://t.co/2HVyJCJLbF,,en,2,1,1,1,510,billionairerealtor Naijarealtor
1804092066030329994,1397355214580092932,Fri Jun 21 10:00:41 +0000 2024,"PiggyVest is trending because of this video where a lady broke her Kolo and found only N22,000 after saving N14.6 million over two years at the rate of 20k daily according to her. So, Nigerians are asking her why she didn't use the digital PiggyVest kolo to save.",https://t.co/Uc1u3NrhJl,,en,41,8,27,2,16337,
1804086646649864429,1072184395979767808,Fri Jun 21 09:39:09 +0000 2024,"360⁰ Water filter.... You have a bad water system this is for you. Affordable and durable N2,000 Kindly repost  PiggyVest Arise TV hamster Bread Brotherly Danny Imade Likeeeee Kidney Teni uiuxdesign Olumide Apata Paripesa Emir Bayero",https://t.co/7Hg7m7ElTK,,en,1,1,0,1,2611,hamster uiuxdesign
1804154616814112904,1129689823890026496,Fri Jun 21 14:09:14 +0000 2024,The Joy of Salvation  I'm crying   FOLLOW this page for more Christian content   Chioma Arise TV Lekki Morayo Naira Marley Kenneth Okonkwo Benin Boys Rema Sanusi Nollywood NIMC PiggyVest Yoruba Kano Ganduje,https://t.co/DjhzFRiNIe,,et,4,4,0,0,510,
1804912509360447767,1513507172134567936,Sun Jun 23 16:20:50 +0000 2024,We stopped by somewhere else too. PiggyVest to the rescue ,https://t.co/UQcEzqIL69,,en,6,0,0,0,493,
1807281178375757849,1021704239524073472,Sun Jun 30 05:13:05 +0000 2024,Which of the PiggyVest saving plan get the best interest rate ,,,en,2,3,5,4,1614,
1806756551220457653,4714760909,Fri Jun 28 18:28:24 +0000 2024,"If this is you, its not too late to change your ways  Piggyanimation",https://t.co/qts8Djlzwh,,en,97,20,30,3,10557,Piggyanimation
1804111813996351911,1640314718718967814,Fri Jun 21 11:19:09 +0000 2024,Friday vibe at work  ...What song is your account balance singing  Wizkid  Rema Tapswap Hamster inverter Solar  Trends piggyvest,https://t.co/x1M1PIdKfa,,en,4,1,0,0,143,
1804129528551292967,1380788055544631297,Fri Jun 21 12:29:33 +0000 2024,Lady and her mom cry profusely after the money shes saving for 2years in her piggyvest disappeared.  Naira Marley hamster Benin Boys Arise TV Olamide Akpata ,https://t.co/XKW75kGYNb,,en,3,3,2,0,822,hamster
1804086541867712793,1072184395979767808,Fri Jun 21 09:38:44 +0000 2024,"80cm Foldable bamboo wooden Shoerack .... N27,000 Kindly repost  PiggyVest Arise TV hamster Bread Brotherly Danny Imade Likeeeee Kidney Teni uiuxdesign Olumide Apata Paripesa Emir Bayero",https://t.co/soh4Mny0K4,,en,6,5,2,1,3387,hamster uiuxdesign
1804148958509375770,239049566,Fri Jun 21 13:46:45 +0000 2024,Its Just About Money With You Right piggyvest,https://t.co/0QI7w5aUNo,,en,1,0,0,0,162,piggyvest
1805960587546911032,1741394836689739777,Wed Jun 26 13:45:31 +0000 2024,"Last month to last week, I was so worried, looking for how to raise money, piggyvest too showing me shege ontop my own money, trying to borrow money from friends cause I was in a deep sht Today, Im peaceful, eating without anything giving me headaches. Our difficulties is also a phase, it might look like you wont survive it but you will Just hold on, hustle and pray Theres always a payday for every hustlersomeday, we wont be worried about basic things anymore, well make bigger financial decisions by God grace.",,,en,118,55,45,2,3268,
1804086258613858603,1072184395979767808,Fri Jun 21 09:37:37 +0000 2024,"4pc flatware Cutlery set with gift box....N8,500 Kindly repost  PiggyVest Arise TV hamster Bread Brotherly Danny Imade Likeeeee Kidney Teni uiuxdesign Olumide Apata Paripesa Emir Bayero",https://t.co/MQt2XxmJmV,,en,1,1,0,1,357,hamster uiuxdesign
1806328767486321085,1001987264,Thu Jun 27 14:08:32 +0000 2024,People dey really use that autosave feature for piggyvest app Nice one ,,,en,3,0,5,0,763,
1804409672734027831,346042525,Sat Jun 22 07:02:44 +0000 2024,Piggyvest or cowrywise,,,ro,1,0,2,0,339,
1806639836612223097,1241839139210829824,Fri Jun 28 10:44:37 +0000 2024,piggyvest please i've used my allawee to eat and play 2 odds.....no dey send me notification again e joor I'm having a difficult time,,,en,2,2,2,0,282,
1805866503029334105,1153769697898352641,Wed Jun 26 07:31:40 +0000 2024,My friend is skeptical about using piggyvest Her My problem is the fact that piggy is not a bank oo Me I just love the co founder and COO ,https://t.co/gq5avYB3kU,,en,1,0,1,0,113,
1804148590245183793,1718164255,Fri Jun 21 13:45:18 +0000 2024,"DM for real estate investment ideas, property management and relocation issues, sales and rentals. AbujaTwitterCommunity Abuja Abuja Twitter Messi No 1 Olumide Apata Peter Obi Eniola Nmandi Kanu Benin Boys Japka Ganduje hamster Naira Marley PiggyVest Burkina Faso nollywood",https://t.co/wTXubqgo4l,,tl,1,0,1,0,320,AbujaTwitterCommunity Abuja Messi hamster
1804114730480529771,1166269340938887169,Fri Jun 21 11:30:45 +0000 2024,Enjoy your weekend WeekendVibes Naira Marley Benin Boys Piggyvest,https://t.co/tn1NpiDeP5,,en,6,2,0,0,134,WeekendVibes
1802601740811784206,1202493049336713216,Mon Jun 17 07:18:40 +0000 2024,"Lol even piggyvest said to fathers who do it with love. The ones who dont do it with love nko The truth is that if someone with a flawed sense didnt point it out, its like every other tweet and wishes. There is nothing wrong with that tweet",https://t.co/bj9dpFvKpM,,en,14,7,1,1,3639,
1796894291962335605,1017594419346903040,Sat Jun 01 13:19:18 +0000 2024,"Piggyvest, Gbemidebe ",https://t.co/LuNvGJQqyh,,hu,191,18,6,1,11148,
1801624463819071746,80349795,Fri Jun 14 14:35:19 +0000 2024,Humans of Piggyvest,https://t.co/Mi4ejN5l7P,,en,16,4,3,0,1823,
1797377887764467890,2524204959,Sun Jun 02 21:20:56 +0000 2024,Thank you PiggyVest ,https://t.co/zSQEqm6Nl8,,en,206,3,13,1,22500,
1801529900685218148,1462099212515037186,Fri Jun 14 08:19:33 +0000 2024,Piggyvest rainy days don come o,https://t.co/ffDzRMPdWa,,en,994,143,44,29,465099,
1800572995590869316,527918364,Tue Jun 11 16:57:09 +0000 2024,"Go on piggyvest, click on your flex Naira, scroll down to your last interest paid then click on it to dispute interest, it will recalculate it. Youre welcome",,,en,14,4,2,3,1849,
1802396080736243866,4714760909,Sun Jun 16 17:41:27 +0000 2024,"Happy Fathers Day to the dads who have shaped us with their strength, wisdom and love, and those who watch over us from above.   Watch our special Father's Day video. Piggyvest FathersDay",https://t.co/qFaxzFJyxj,,en,220,73,33,16,30536,Piggyvest FathersDay
1802055505021448693,4714760909,Sat Jun 15 19:08:07 +0000 2024,Its that time of the year to let your first love know how you feel about them. ,https://t.co/rh0JdxY0C6,,en,61,15,13,3,15517,
1800520126850302305,1247806083042689026,Tue Jun 11 13:27:04 +0000 2024,"PiggyVest and Gtb App, i dunno which likes to update the most. Na every Eke market day",,,en,4,0,1,0,1417,
1800170093948948888,151594334,Mon Jun 10 14:16:10 +0000 2024,Opay is not now accepting new customers Piggyvest is messing up What other platform can I use for daily savings now,,,en,14,3,20,0,1997,
1801180536141988021,1870845991,Thu Jun 13 09:11:18 +0000 2024,"Me why would you not invest in a Startup What are the red flags  Olumide Soyombo  Investor at Paystack, Piggyvest, Moniepoint and others. Founder at",https://t.co/9GsBBdnmGD,@voltronafrica,en,173,41,6,6,27250,
1802288261638791356,971408215102709760,Sun Jun 16 10:33:01 +0000 2024,"Cant wait for this piggyvest target to end mehn, this thing wants to take my life ",,,en,4,2,2,0,825,
1801887456041619469,217610449,Sat Jun 15 08:00:21 +0000 2024,I love piggyvest with all my heart,,,en,1,0,1,0,138,
1800440713324441663,501807328,Tue Jun 11 08:11:31 +0000 2024,Please help me beg and to give me my hard earned money I made a transfer since 7th may from my UBA account to piggyvest till date the money hasnt reflected in my piggyvest so whos lying now and I really dont care I want my money,https://t.co/E6TqxqTZBG,@UBACares @UBAGroup @PiggyBankNG,en,10,9,2,0,1190,
1796903832296788475,320941534,Sat Jun 01 13:57:13 +0000 2024,"Piggyvest need to tone down the girliness abeg. Cos I don't understand this take from your interest and buy suya, you deserve it notification they sent to me today.",,,en,222,64,125,981,1142903,
1796988138159583265,842016952629493764,Sat Jun 01 19:32:13 +0000 2024,Piggyvest said I should remove money and buy suya say me sef don try,,,en,4,0,2,0,252,
1796538062891261986,1072184395979767808,Fri May 31 13:43:46 +0000 2024,Nike Dunk sneakers still available in store  Size 4245 N48k Kindly repost  Saida Boj Portable Aisha Phyno Congratulations Tosin Brain Jotter HallelujaChallenge Falz PiggyVest Toyin Abraham,https://t.co/tB3uFHabMg,,en,1,2,0,0,318,HallelujaChallenge
1799920589790122022,853583745399521280,Sun Jun 09 21:44:44 +0000 2024,so what if i die of hunger before my piggyvest unlock date,,,en,1,0,3,0,452,
1800866896650383563,929826989451698177,Wed Jun 12 12:25:01 +0000 2024,"If the merch is fire then I swear I no mind See Cowrywise, piggyvest, Grey etc",,,en,14,1,4,0,1363,
1802085114039468043,2371518483,Sat Jun 15 21:05:46 +0000 2024,Does PiggyVest post job openings Especially for nontech roles,,,en,0,0,1,0,225,
1799402252723192020,1304010816711282693,Sat Jun 08 11:25:02 +0000 2024,Hi my friend withdrew 1million from PiggyVest to his pocket app it was withheld by pocket app saying he should verify his kyc he did and also he reached out to you guys on the 31st of may uptil now no response please do something about it,https://t.co/yPUERmfCSn,@getpocketapp,en,27,24,10,2,5653,
1796259330741662062,964422632,Thu May 30 19:16:11 +0000 2024,"Baba, see this beauty now  Don't sleep on this abeg Holla on 2348081569309. We deliver wherever you are, wherever you want Size 4146 Price N250000 Davido EFCC Chelsea vs City Soldiers Erisco Asake Farouk Wizkid Don Jazzy Piggyvest Morayo",https://t.co/Au1tNlhyaG,,en,16,19,1,0,12123,
1796183664809685489,1072184395979767808,Thu May 30 14:15:31 +0000 2024,"Mini Karaoke Bluetooth speaker with 2 microphone.... N15,000 Kindly repost  BEST QUALITY  NYSC Food 1k Saida Boj Piggyvest New National Anthem Plateau Glovo Soldiers Glovo Simon Ekpa Ozeomena NECO",https://t.co/eq6UsBt9CB,,en,2,2,0,1,6929,Ozeomena
1796075346007056394,2731271813,Thu May 30 07:05:06 +0000 2024,"SMB, Feel The Luxury in Every Step  Price N10,000 Hit Dm to Order  Nationwide Delivery Watched P0rn DAVIDO SUBSIDY IS GONE Peter Obi Enugu Omah Lay Timi Dakolo Arise O Compatriots Ozoemena PiggyVest Nigerians Pastor Chris",https://t.co/jtLR05gmVW,,en,174,176,0,1,16077,Ozoemena
1796248785254756597,1171339743562539008,Thu May 30 18:34:17 +0000 2024,Pastor Remote is after Saida Boj  ____________________ Abia Wizkid gbavido Biafra Chowdeck Piggyvest Wizkid Food 1k Steeze Bella banging 27 Racksterli Woodberry Asake Boko Haram phyna Chelsea vs City Malema cashout,https://t.co/7laaBCAi0U,,en,10,3,0,0,3355,phyna
1796084813247414746,1529790148157874177,Thu May 30 07:42:43 +0000 2024,BREAKING NEWS US Lab Denies Conducting Poison Test On Mohbad. 1 USD Tapswap DAVIDO Saida TB Joshua IPOB Lionel Messi Wizkid Palmpay Watched P0rn SUBSIDY IS GONE Peter Obi Enugu Omah Lay Timi Dakolo Arise O Compatriots Ozoemena PiggyVest,https://t.co/dEAru0XiDL,,en,7,4,2,2,1597,Tapswap Ozoemena
1796240918133039213,1060790358655860736,Thu May 30 18:03:02 +0000 2024,Most Funniest Video you will see online today Davido  Wizkid  Soldiers  Don jazzy  piggyvest  cowrywise  Steeze  Abia state  Biafra  knack  South East  Malema  Food 1k  nnamdi Kanu  bum bum  trending viral ajwerey Perfectmatchxtra,https://t.co/Hp4MRIym83,,en,32,10,4,0,1797,trending viral ajwerey Perfectmatchxtra
1796310007933206913,1228548490571264000,Thu May 30 22:37:34 +0000 2024,"This will warm your heart. The cutest event ever Baby Olympics Races, and mini hurdles. Future champions in the making  BabyOlympics TooCute FutureAthletes Trump Gauteng Malema The EFF Sancho Vinicius Nigeria PiggyVest Davido UCLFinals MK Party",https://t.co/Jm8G9uMo17,,en,4,1,1,0,895,BabyOlympics TooCute FutureAthletes UCLFinals
1796213028075028988,1503455108234985478,Thu May 30 16:12:12 +0000 2024,"Couple pair made by smb available  PriceN20,000 boxed Send a dm to order. Nationwide delivery  Malema WAEC Piggyvest Nnamdi Kanu Sesko Islamiphobia Kante Woodberry Yaba",https://t.co/m1210kY7KW,,tl,49,48,1,0,4472,
1248910595174346752,1242369915702710273,Sat Apr 11 09:47:44 +0000 2020,"The names below have all received their 1000 naira bonus on piggyvest for using the referral code  Sign up  You can also get 1000 naira bonus on piggyvest, make sure you complete your account settings to unlock.",https://t.co/cVaJxLmaLN,,en,3,2,1,0,,
1250058416074231810,1395862578,Tue Apr 14 13:48:46 +0000 2020,Can't relate...still saving 10k a day on piggyvest ,,,en,1,0,1,0,,
1247120260022632448,197441313,Mon Apr 06 11:13:35 +0000 2020,Piggyvest still dey comot money inside coronus,https://t.co/ux9TNY45lG,,en,0,0,0,0,,
1245695413363118080,391271760,Thu Apr 02 12:51:45 +0000 2020,Na to remove my 5k from piggyvest oo,,,en,0,2,1,0,,
1247068769211514881,98451406,Mon Apr 06 07:48:58 +0000 2020,When the money in my gtbank finishes me and PiggyVest go rest.,,,en,2,1,1,0,,
1247136857844076549,3266338040,Mon Apr 06 12:19:32 +0000 2020,Cowrywise or Piggyvest ,,,ro,3,1,9,0,,
1242431915652714501,3291761195,Tue Mar 24 12:43:46 +0000 2020,"If it's the end of the world, let me withdraw my money from piggyvest and flex abeg",,,en,1,0,2,1,,
1244723583030525953,362445460,Mon Mar 30 20:30:02 +0000 2020,To withdraw from PiggyVest or nah,,,en,1,0,6,0,,
1242775576231976960,284746030,Wed Mar 25 11:29:21 +0000 2020,Piggyvest please na,,,ro,0,0,2,0,,
1244758052332544003,1026909478799720448,Mon Mar 30 22:47:00 +0000 2020,"Wait, tomorrow is 31st Hello piggyvest ",,,en,4,0,4,0,,
1242490041877872642,987089976482508800,Tue Mar 24 16:34:44 +0000 2020,Who sent me to Safelock money on Piggyvest Who sent me     ,,,en,3,0,2,1,,
1241861378756968460,3485703617,Sun Mar 22 22:56:40 +0000 2020,"PiggyVest please, give me my money. Everything is tryna kill us.",,,en,1,1,2,0,,
1244362201609232384,713601545,Sun Mar 29 20:34:02 +0000 2020,So many people are patiently waiting to withdraw money from PiggyVest on the 31st,,,en,1,0,1,0,,
1241014080502140928,71535946,Fri Mar 20 14:49:48 +0000 2020,At what point do these withdrawals from Piggyvest become financial harassment ,,,en,2,0,3,1,,
1240247296073359360,265246727,Wed Mar 18 12:02:52 +0000 2020,"Piggyvest, my safelock money please I need it before the world comes to an end",,,en,7,3,10,4,,
1238214223647432705,519321233,Thu Mar 12 21:24:10 +0000 2020,Piggyvest is very confusing to use ,,,en,1,0,4,0,,
1237893733783187456,11028352,Thu Mar 12 00:10:39 +0000 2020,"Congratulations Odun Eweniyi CEO Piggyvest Winner of the World Innovations Forum Pitch Event in Zurich 2017 and honored today by as one of the 10 most innovative companies in Africa for 2020 together w CopiaGlobal, and .",https://t.co/3bGJmhMieE,@PiggyBankNG @WIForum @Fastcompany @TwigaFoods @kobo_360,en,0,0,0,0,,Piggyvest CopiaGlobal
1238910142265151488,426585259,Sat Mar 14 19:29:30 +0000 2020,To buy this ice cream or Piggyvest ,,,en,2,0,8,0,,
1238380815656071168,312031293,Fri Mar 13 08:26:09 +0000 2020,Its the beginning of an apocalypse and you still saving money in PiggyVest. ,,,en,5,0,6,2,,
1238376205897867264,231043368,Fri Mar 13 08:07:50 +0000 2020,Things youre not allowed to talk about on this app OperaNews. PiggyVest.,,,en,15,6,5,3,,
1238217335082831880,519321233,Thu Mar 12 21:36:32 +0000 2020,"Piggyvest needs to do more video content on how their platform works... Apart from investing and safelocking, the rest lookssounds like xvnsjshwkwnsgysvsj to me",,,en,23,12,4,4,,
1240219346527535106,4835434803,Wed Mar 18 10:11:49 +0000 2020,The day I learnt how to withdraw money from my PiggyVest account everything burst .,,,en,3,1,2,0,,
1233434973744566272,783740011892080640,Fri Feb 28 16:53:08 +0000 2020,I didnt save any money this February but Im just here waiting for my February interest from PiggyVest so I can use it to buy shawarma and cold fanta ,,,en,4,0,3,0,,
1232624600581754880,363025475,Wed Feb 26 11:13:00 +0000 2020,"This why I hate saving money, I need cash now and I can't withdraw from piggyvest until 31st of march... ... Ebi ma pami baje",,,en,0,0,4,4,,
1232952525034328065,964176289950326784,Thu Feb 27 08:56:03 +0000 2020,Can someone else send money to my piggyvest directly or  ,,,en,4,1,1,0,,
1234129032695992325,792287172502093824,Sun Mar 01 14:51:05 +0000 2020,PiggyVest should be like cash app abi,,,en,3,2,1,1,,
1817839758426427605,1370357840674758657,Mon Jul 29 08:29:06 +0000 2024,"Thr way tech bros argued he merits those years. Remember especially that time when they argued how many new users supposedly gained for that piggyvest application. Lol these days don't stress arguing, just wait it out",,,en,1,0,0,0,153,
1171900759845347328,303103437,Wed Sep 11 21:38:08 +0000 2019,Lock your iPhone 11 money in your PiggyVest noww,,,en,1,1,3,1,,
1170330724970504193,273536455,Sat Sep 07 13:39:23 +0000 2019,I think this is why I prefer Piggyvest to Cowrywise ,,,en,0,0,3,0,,
1159185107619590144,1110649839686246403,Wed Aug 07 19:30:40 +0000 2019,Is there a reason my Piggyvest app keeps closing Help. ˢᵒᵐᵉᵇᵒᵈʸ ˢᵃᵛᵉ ᵐᵉ ,,,en,0,0,4,1,,
1156787650285723648,23479324,Thu Aug 01 04:44:02 +0000 2019,"Birthday month , wasnt going to do anything but January me figured that August me might say that so she kept some money in a safelock in PiggyVest so its on",https://t.co/5rEj0dFqc0,,en,11,1,3,1,,
1159119813752606720,4714760909,Wed Aug 07 15:11:13 +0000 2019,"To encourage the savings culture among students, we've created a challenge and we're starting off with UNILAG  Simply join the challenge gt and save up to 10000300dayfrom now till September 4th amp stand a chance to win 20kmonth for 1year",https://t.co/P3cVfMGz3e,,en,61,26,21,9,,
1156102231235747841,230988910,Tue Jul 30 07:20:25 +0000 2019,The competition between PiggyVest and Cowrywise is real ,https://t.co/XZuAljmyBV,,en,14,2,2,0,,
1155077734105829376,180957713,Sat Jul 27 11:29:26 +0000 2019,PiggyVest And Treasury bill  Which is better,,,en,3,1,7,3,,
1159115547822428161,4714760909,Wed Aug 07 14:54:16 +0000 2019,"If you were a student, what would you do with an extra 20000month pocket money for one full year",,,en,91,28,54,9,,
1156129944055009282,390003010,Tue Jul 30 09:10:33 +0000 2019,"So guys, piggyvest or cowrywise I want to check something.",,,en,4,1,16,4,,
1156158520175353856,173747666,Tue Jul 30 11:04:06 +0000 2019,PiggyVest or Cowrywise poll RT,,,ro,2,6,4,6,,poll RT
1158706857592184837,4714760909,Tue Aug 06 11:50:17 +0000 2019,You can still fund your flex for free using your debit card by doing a quicksave directly. Select 'Flex' as the destination,,@ThatGirlDayo,en,19,3,4,0,,
1156116915733110784,35448236,Tue Jul 30 08:18:46 +0000 2019,Piggyvest should keep at it and banks will feel their butts burning. This account number feature is mad. Ordinary savings with one foolish bank and I cried before I got it back.,,,en,33,7,6,1,,
1147184134487453696,2745471659,Fri Jul 05 16:43:05 +0000 2019,Y'all go check your W.A.E.C result on PiggyVest. I got A1.,https://t.co/iiApmpkFcC,,en,0,0,1,0,,
1140222764420423681,192254351,Sun Jun 16 11:41:06 +0000 2019,"Guys , found another thing About piggyvest today . You can convert your piggy points into money . I had 2378 Points in total. 1 point is 10naira 2378 x 10  23,780 Naira just like that in seconds credited to my flex account which I can use anytime.",,,en,47,30,17,10,,
1141661573662040065,508579119,Thu Jun 20 10:58:24 +0000 2019,PiggyVest to your account balance,,,en,1,0,1,0,,
1137606683348410369,278347736,Sun Jun 09 06:25:43 +0000 2019,A Guide to Saving with PiggyVest App in Nigeria,https://t.co/Z307Q6tjlw,,en,0,0,0,0,,
1138323783473872896,1570099093,Tue Jun 11 05:55:13 +0000 2019,"PiggyVest Helps Me Save Responsibly And Also Enable Me To Invest On The Go. Join And Start Earning 10  13 Interests On Savings, And Over 25 Return On Investments. Please Use The Link Below To Know How PiggyVest Works Sign Up",https://t.co/lV92kzASrz,,en,10,3,2,0,,
1129767472838664193,896662389847883777,Sat May 18 15:15:30 +0000 2019,Got a New notepad for Our todo lists. Tha ks notepad savings piggyvest,https://t.co/8ey5ftwES9,@piggybankng,en,2,0,1,0,,notepad savings piggyvest
1118209385854119937,785867376181055488,Tue Apr 16 17:47:47 +0000 2019,Until This Piggyvest go Crash ,,,en,12,0,7,0,,
1120668761713934342,369516112,Tue Apr 23 12:40:28 +0000 2019,Who has used ds piggyvest Whay r d downsides Where their office Make e no b another mmm,,,en,1,0,5,2,,
1122412087039361024,267291606,Sun Apr 28 08:07:49 +0000 2019,"Send the money to my account, my account is piggyvest",,,en,0,0,1,0,,
1116256816126746624,888656652198694912,Thu Apr 11 08:28:58 +0000 2019,"Become a Champion of HOPE by supporting the amazing work of the Covenant University Alumni Hope Foundation working to help other people excel. Donate 1,000 today to champion the H.O.P.E programs.",https://t.co/l5Gx6S844d,@Hopefoundation0,en,10,15,1,0,,
1105038458580619264,15819466,Mon Mar 11 09:31:13 +0000 2019,"Piggyvest currently has over 215,000 registered users, 60 percent of whom are Nigerian Millennials who are currently saving over N1billion monthly. BNSC",https://t.co/T1qcsdJ64f,@PiggyBankNG,en,14,1,0,1,,Piggyvest BNSC
1105042899186712576,15819466,Mon Mar 11 09:48:52 +0000 2019,"With your monthly savings in your Piggyvest Flex wallet, you can effectively pay yourself a weekly stipend. BNSC BNSC",https://t.co/T1qcsdJ64f,@PiggyBankNG,en,6,1,1,0,,Piggyvest BNSC BNSC
1101105017858281472,1006858583328292864,Thu Feb 28 13:01:08 +0000 2019,Odunayo Eweniyi is the CofounderCOO of . Insurance is the reason you can save  with PiggyVest without worries about what will happen to your savings. Be like Piggybank. Insure life's precious things today. LiveWithFreedom,https://t.co/RBGKwYYxcH,@PiggyBankNG,en,2,2,0,0,,Insurance Piggybank LiveWithFreedom
1100360135275364352,23231666,Tue Feb 26 11:41:14 +0000 2019,"BHH Podcast Piggybank becomes Piggyvest, we ask why",https://t.co/4sNB9JVMyW,,en,0,0,0,0,,
1100360120146558976,23231666,Tue Feb 26 11:41:11 +0000 2019,"BHH Podcast Piggybank becomes Piggyvest, we ask why",https://t.co/4sNB9JVMyW,,en,0,0,0,0,,
1101775287837052929,52395757,Sat Mar 02 09:24:33 +0000 2019,Something truly amazing is coming to PiggyVest. I can't wait ,,,en,50,13,9,3,,
1094911243004112896,4714760909,Mon Feb 11 10:49:17 +0000 2019,It is Even better ,,@YemiOJUOLAPE,en,6,1,1,0,,
1094883709700984832,4714760909,Mon Feb 11 08:59:53 +0000 2019,We're sure it will grow on you ,,@tochij21,en,2,0,1,0,,
1094884219891924992,4714760909,Mon Feb 11 09:01:54 +0000 2019,We still do ,,@KremlinKidd,en,1,0,1,0,,
1094897060577529857,1052131507001790464,Mon Feb 11 09:52:56 +0000 2019,Thanks piggyvest ,,@PiggyBankNG,en,0,0,0,0,,
1092362999300587520,4714760909,Mon Feb 04 10:03:28 +0000 2019,Good morning. You cannot save into your Flex account. It's a pay out account.,,@Ademi_De,en,0,0,1,0,,
1090723582555185152,4714760909,Wed Jan 30 21:29:01 +0000 2019,Kindly send us a DM with your email address so we can help,,@arinzesnr,en,0,0,2,0,,
1091040987630182401,4714760909,Thu Jan 31 18:30:16 +0000 2019,Good evening. Kindly confirm if you have the new app.,,@ikposts,en,0,0,1,0,,
1091025674306048002,4714760909,Thu Jan 31 17:29:25 +0000 2019,Good evening. Kindly send an email to contact.ng and it will be resolved.,,@AnEye10 @piggybank,en,0,0,0,0,,
1090523061718315009,4714760909,Wed Jan 30 08:12:13 +0000 2019,Good morning. We just sent you a DM.,,@keeyce,en,0,0,1,0,,
1090723491282894866,4714760909,Wed Jan 30 21:28:39 +0000 2019,"We're working on it. In the meantime, please use this link gt",https://t.co/6VmCM5HZXb,@DamazioAdesegun,en,0,1,1,0,,
1090652488120913921,4714760909,Wed Jan 30 16:46:31 +0000 2019,Kindly visit to create an account and get started.,https://t.co/N4QfG98yZd,@shogunro1,en,0,0,0,0,,
1089876134857240576,4714760909,Mon Jan 28 13:21:34 +0000 2019,Good afternoon. We've sent you a DM.,,@ColetteOkojie,en,0,0,0,0,,
1090652284730523648,4714760909,Wed Jan 30 16:45:42 +0000 2019,Kindly send us a DM with your email address so we can assist.,,@whema,en,0,0,0,0,,
1090652041108545536,4714760909,Wed Jan 30 16:44:44 +0000 2019,Kindly send us a DM with your email address so we can follow up accordingly,,@Cohannnnn,en,0,0,0,0,,
1090596807950942211,4714760909,Wed Jan 30 13:05:15 +0000 2019,Hi We have a target savings feature that works for that. Minimum duration is 7days.,,@tolusaba,en,0,0,0,0,,
1090685495246577664,4714760909,Wed Jan 30 18:57:40 +0000 2019,Apologies for the inconvenience. We're looking into this. Sending you a DM right away.,,@mr_weblow,en,0,0,0,0,,
1090527119569047553,4714760909,Wed Jan 30 08:28:20 +0000 2019,Sincere apologies for the inconvenience. Kindly send us a DM with your email address so we can assist.,,@keeyce,en,0,0,0,0,,
1090652426384879616,4714760909,Wed Jan 30 16:46:16 +0000 2019,Your bank completely controls how your OTP is sent. Kindly contact your bank to confirm the phone number connected to your bank account.,,@bsiedoma,en,0,0,0,0,,
1086180649231413248,4714760909,Fri Jan 18 08:37:01 +0000 2019,"No, it doesn't.",,@shysef,en,0,0,0,0,,
1083409043438358529,4714760909,Thu Jan 10 17:03:39 +0000 2019,Sure. Kindly send us a DM so we can help,,@ChisomOR,en,0,0,0,0,,
1081273138715996160,4714760909,Fri Jan 04 19:36:20 +0000 2019,"To win a ticket to see a private screening of at Filmhouse IMAX Cinema, Lekki Phase 1, Lagos, answer the following questions correctly. 1. Name 5 actors in the movie Up north 2. Where was it shot 3. Who produced the movie Good luck",,@UpNorthTheFilm_,en,20,6,30,1,,
1081258284080877569,4714760909,Fri Jan 04 18:37:18 +0000 2019,N1000,,@Lammiblaq,und,0,0,2,0,,
1081209909189009408,4714760909,Fri Jan 04 15:25:04 +0000 2019,Kindly send us a DM..,,@Dirisu_chris,en,0,0,0,0,,
1080159274251235328,4714760909,Tue Jan 01 17:50:14 +0000 2019,For now...there isn't..,,@Chimexpeter,en,0,0,2,0,,
1080092818088083465,4714760909,Tue Jan 01 13:26:09 +0000 2019,Sure...send us an email.,,@AishaaOwolabi,en,0,0,1,0,,
1080753138326474752,4714760909,Thu Jan 03 09:10:02 +0000 2019,Good morning. Kindly visit for more information.,https://t.co/uiPfagmyuh,@iam_jibola8211,en,0,0,0,0,,
1080167695759429632,4714760909,Tue Jan 01 18:23:41 +0000 2019,Yeah,,@Chimexpeter,en,0,0,0,0,,
1080133085566590976,4714760909,Tue Jan 01 16:06:10 +0000 2019,"Hi Dammy, We recently acquired a microfinance bank and it's license Gold Microfinance Bank regulated by the CBN and funds insured by the NDIC.",,@DammyofGod931,en,0,0,0,0,,
1080593463182282753,4714760909,Wed Jan 02 22:35:32 +0000 2019,"Hi Nifemi, sincere apologies for this. We sent you a DM but we havent gotten a response. Kindly check and respond so we can sort this out immediately.",,@Nifemi_Ani @zopletta_,en,0,0,1,0,,
1080052055631372288,4714760909,Tue Jan 01 10:44:11 +0000 2019,Sure. Kindly visit for a detailed explanation. Send us a DM if you have any more questions.,https://t.co/k9XBVlbFCx,@Ibile_Promoter,en,0,0,0,0,,
1080003022753882113,4714760909,Tue Jan 01 07:29:20 +0000 2019,"Yes, you can..",,@BrendaEneji,en,0,0,0,0,,
1080056234303201280,4714760909,Tue Jan 01 11:00:47 +0000 2019,Were rooting for you ,,@Walleron,en,0,0,0,0,,
1080077541300465666,4714760909,Tue Jan 01 12:25:27 +0000 2019,Good afternoon. We just sent a DM.,,@verity_ox,en,0,0,0,0,,
1080056354231017472,4714760909,Tue Jan 01 11:01:15 +0000 2019,Kindly send us an email to get this resolved.,,@ajasadamilola2 @SirALfredson,en,0,0,0,0,,
1079648352571015168,4714760909,Mon Dec 31 08:00:00 +0000 2018,We just published MeetAPiggybankSaver Joy ,https://t.co/2UdVUuDurP,@Joypanam,en,14,5,1,0,,MeetAPiggybankSaver
1079642259883245568,4714760909,Mon Dec 31 07:35:48 +0000 2018,Kindly click on my interests on the menu option on the app to get yours.,,@layinnalaura,en,1,0,1,0,,
1078563798380933120,4714760909,Fri Dec 28 08:10:22 +0000 2018,"Funds are deducted from your bank account via your linked debit card according to the schedule you set and stored in your Piggybank wallet. Whenever you want to withdraw on your set date, funds are sent back to the account number you set for withdrawals.",,@hozziee @Odunsii_ @chemicalbrodar @thepamilerin @Biisi96 @_valking,en,0,0,1,0,,
1078178377780154369,4714760909,Thu Dec 27 06:38:51 +0000 2018,Top up your core savings balance first before you create the Safelock.,,@sulubabs @_AdeFunke_,en,0,0,0,0,,
1078565381932007425,4714760909,Fri Dec 28 08:16:40 +0000 2018,Kindly send us a DM with the error message you're getting..,,@Iam_fehyee,en,0,0,0,0,,
1079333531661332481,4714760909,Sun Dec 30 11:09:01 +0000 2018,Kindly send us a DM with your email address so we can help,,@iam_Eben,en,0,0,0,0,,
1078012021415858176,4714760909,Wed Dec 26 19:37:49 +0000 2018,Funds return automatically at the exact 'time of the day' you locked it.,,@Mosopefoluwa_,en,0,0,0,0,,
1078299272104370177,4714760909,Thu Dec 27 14:39:14 +0000 2018,Sure. We'll recommend a N5000 weekly option. You can also select your preferred day of the week.,,@Odunsii_,en,0,0,1,0,,
1078565075974324224,4714760909,Fri Dec 28 08:15:27 +0000 2018,We'll recommend you create multiple savings plans using the Target savings feature instead.,,@iam_Eben,en,0,0,0,0,,
1077870213687926785,4714760909,Wed Dec 26 10:14:19 +0000 2018,We'll look into it..,,@winifredoris,en,2,0,0,0,,
1077941677455749121,4714760909,Wed Dec 26 14:58:17 +0000 2018,You'll be to access funds on your set withdrawal date.,,@IamEtubo,en,0,0,0,1,,
1075700194866548736,4714760909,Thu Dec 20 10:31:26 +0000 2018,"Good morning. When you withdraw outside your free withdrawal days, you are charged a 5 early withdrawal fee. Yes you can change your account details.",,@iam_olutayo,en,0,0,1,0,,
1076795833255890945,4714760909,Sun Dec 23 11:05:07 +0000 2018,Good afternoon. Kindly send us a DM so that we can put you through.,,@ayindedavidash,en,0,0,0,0,,
1075045006006726656,4714760909,Tue Dec 18 15:07:57 +0000 2018,"While so many things in life can and will throw us curveballs, your own success and goals should, as much as you can help it, not be a surprise to you. When you make it, you should be able to say you worked hard for it. And if you dont, you should have a backup plan.",,,en,19,6,4,0,,
1074625921003458560,4714760909,Mon Dec 17 11:22:39 +0000 2018,Thank you guys soooooooooooooooo much We won the Future Awards Africa Prize for Technology and we are still psyched We owe this award to all our users  TFAA2018,https://t.co/BcghIIUIyF,,en,309,78,23,18,,TFAA2018
1075005886651875328,4714760909,Tue Dec 18 12:32:30 +0000 2018,See why we love you ,,,en,7,3,0,0,,
1073627774513016832,4714760909,Fri Dec 14 17:16:23 +0000 2018,"If you have met your target, the autosave automatically stops.",,@briwa28,en,0,0,1,0,,
1072123250031910912,4714760909,Mon Dec 10 13:37:56 +0000 2018,Hi Kindly send your email address via DM,,@Olayinka_yk,en,0,0,1,0,,
1071067636811866113,4714760909,Fri Dec 07 15:43:18 +0000 2018,"So we officially launched Target Savings. To join in the fun, simply open your app, and click on a green ad with a group savings challenge  Race to the New Year.",https://t.co/DQP89kDKJM,,en,7,3,0,0,,
1071059102024036354,4714760909,Fri Dec 07 15:09:23 +0000 2018,Dont mind them oo ,,,en,5,1,0,0,,
1070684670659039232,4714760909,Thu Dec 06 14:21:32 +0000 2018,"How many Piggy points do you currently have No pressure  PS To check on the app, simply click on account settings",https://t.co/4VP0hr9Spr,,en,12,3,17,2,,
1070282362146226178,4714760909,Wed Dec 05 11:42:54 +0000 2018,"We are not just a savings platform, we imbibe discipline in building a good savings habit. Stories like this make us smile because it proves our theory that you really can't put money aside without some level of discipline. Have you told someone about us",https://t.co/ZhuzV2Onap,,en,18,10,2,1,,
1068508312348618752,4714760909,Fri Nov 30 14:13:28 +0000 2018,"It appears youre using the website. Kindly scroll up and click on dashboard then on the core savings wallet, click on autosave",,@Mcbaloo,en,0,0,1,0,,
1067837490403389442,4714760909,Wed Nov 28 17:47:51 +0000 2018,Seen and replied.,,@Mz_lorpeh,en,0,0,1,0,,
1068496582218326016,4714760909,Fri Nov 30 13:26:51 +0000 2018,Apologies for the inconvenience. Well look into this and make the necessary adjustments.,,@Pyarrai,en,0,0,0,0,,
1068111083653746690,4714760909,Thu Nov 29 11:55:01 +0000 2018,Apologies for the inconvenience. Kindly send us a DM with your email address so we can confirm and help resolve.,,@Abisolathegreat @gtbank @gtbank_help,en,0,0,0,0,,
1067745195129737216,4714760909,Wed Nov 28 11:41:06 +0000 2018,Hi. Kindly send us a DM,,@AmEngee,en,0,0,0,0,,
1066981852685238272,4714760909,Mon Nov 26 09:07:51 +0000 2018,Good morning. Kindly send us a DM so that we can help.,,@OgunpaimoTywoh,en,0,0,0,0,,
1066287646224326656,4714760909,Sat Nov 24 11:09:20 +0000 2018,Good afternoon. Apologies for the inconvenience. Kindly send us a DM so that we can help.,,@Ejuraa_,en,0,0,0,0,,
1063122114776047617,4714760909,Thu Nov 15 17:30:38 +0000 2018,Kindly send us a DM with your email address so we can take a look..,,@MnLikBubs,en,0,0,0,0,,
1062318241761161216,4714760909,Tue Nov 13 12:16:20 +0000 2018,Hi We sent you a DM .,,@Aishaolas,en,0,0,1,0,,
1061970668219219968,4714760909,Mon Nov 12 13:15:12 +0000 2018,"Hello, kindly send us a DM so that we can help.",,@adedsalawu @gtbank,en,0,0,1,0,,
1062273940343713797,4714760909,Tue Nov 13 09:20:18 +0000 2018,Hi Kindly visit for more comprehensive information on the platform.,https://t.co/uiPfagmyuh,@Emerald_201,en,0,0,0,0,,
1062659004176969728,4714760909,Wed Nov 14 10:50:24 +0000 2018,"Hi, how can we help",,@chiiedi,en,0,0,0,0,,
1062419040101191680,4714760909,Tue Nov 13 18:56:52 +0000 2018,"If you have a GTB debit card, it works perfectly. All other bank cards work fine too.",,@DanielG46325790,en,0,0,1,0,,
1817360343078690869,1280072108165468160,Sun Jul 28 00:44:05 +0000 2024,"My next step. After winning millions, piggyvest  savings way abeg",,@george__picks,en,0,0,0,0,37,
1817264673277792542,735591713897611266,Sat Jul 27 18:23:55 +0000 2024,"I no fit stay house wey rent go even make me dey panic, once its 60 days away, Ill have it somewhere inside inside hope you understand PiggyVest  To me, if your rent makes you panic, then youre living way above your means. My own POV Nothing dey Aza now but zero panic",,@AjeboDanny,en,0,0,0,0,33,
1817296786932806033,1775325960109215744,Sat Jul 27 20:31:32 +0000 2024,My money still with piggyvest sef for years now since I lost my number,,@PiggyBankNG,en,0,0,0,0,48,
1061932648380149760,4714760909,Mon Nov 12 10:44:07 +0000 2018,Hi. Kindly send us a DM so that we can help.,,@zainabumar_,en,0,0,0,0,,
1060453798957727744,4714760909,Thu Nov 08 08:47:42 +0000 2018,Yes it is..,,@QleQut,en,1,0,0,0,,
1060120483428003840,4714760909,Wed Nov 07 10:43:13 +0000 2018,Hi guys We have a little announcement. Upgrade,https://t.co/KynBqsbyke,,en,16,8,11,2,,Upgrade
1060077343325278208,4714760909,Wed Nov 07 07:51:48 +0000 2018,"Hi good morning. KIndly send us your email address via DM, so that we can look into it immediately.",,@TBlazejr @_Chikodili,en,0,0,0,0,,
1059716599761063936,4714760909,Tue Nov 06 07:58:20 +0000 2018,Good morning Kindly confirm if you have been able to log in now.,,@paul_adepeju,en,0,0,1,0,,
1059799104451153920,4714760909,Tue Nov 06 13:26:11 +0000 2018,Hi Kindly send us a DM so that we can help.,,@Denniman,en,0,0,0,0,,
1059097997181628417,4714760909,Sun Nov 04 15:00:14 +0000 2018,"We are at Muri Okunola Park till mama calls, so you can still come through",,,en,3,1,3,0,,
1058773924882903041,4714760909,Sat Nov 03 17:32:29 +0000 2018,The new one.,,@Bolatweeto,en,0,0,0,0,,
1058721932944773120,4714760909,Sat Nov 03 14:05:53 +0000 2018,"Hi Gabriel, no you wont.",,@gabby4hi,en,0,0,0,0,,
1057578244554321920,4714760909,Wed Oct 31 10:21:17 +0000 2018,"If you still have any questions, we are a DM away.",,@kazeem_banky,en,0,0,0,0,,
1057248399332904960,4714760909,Tue Oct 30 12:30:35 +0000 2018,"Hi For now, there isn't.",,@Lammyng,en,0,0,1,0,,
1055148636470951937,4714760909,Wed Oct 24 17:26:53 +0000 2018,Ready for more vendors,,,en,2,1,1,0,,
1055029998770421760,4714760909,Wed Oct 24 09:35:27 +0000 2018,There's a manual option quicksave that allows you make deposits of any amount at anytime. Simply turn off your Autosave.,,@oluwanifemi__a @Capt_Nigeria,en,1,0,1,0,,
1055157776979243010,4714760909,Wed Oct 24 18:03:12 +0000 2018,There will be free meals tho. Stay glued to your email for an invite to rsvp ,,@JojoeAnya,en,0,0,1,0,,
1054688905948262400,4714760909,Tue Oct 23 11:00:05 +0000 2018,"You know there's no party without small chops As the handle implies, will be doing what they know how to do best PiggyBankFest",https://t.co/YMIvg7FHn4,@cocktailsNchops,en,3,4,1,0,,PiggyBankFest
1053558083773980672,4714760909,Sat Oct 20 08:06:35 +0000 2018,Tssk tssk,,,tl,8,3,1,0,,
1054280869924519936,4714760909,Mon Oct 22 07:58:41 +0000 2018,"Hi, have you tried using the website directly Kindly send us a DM so we can help.",,@ThePartyJollof @The_Nenye,en,0,0,1,0,,
1053246637945044992,4714760909,Fri Oct 19 11:29:01 +0000 2018,Thank you,,@Adriannah_A,en,0,0,0,0,,
1053223901424181249,4714760909,Fri Oct 19 09:58:40 +0000 2018,Apologies for the inconvenience. Kindly send us a DM with your email address so we can confirm and clarify.,,@tyannachris,en,0,0,0,0,,
1052820061814165504,4714760909,Thu Oct 18 07:13:57 +0000 2018,So are you ,,@DAdesalu,en,1,0,0,0,,
1052518503645892610,4714760909,Wed Oct 17 11:15:40 +0000 2018,We recommend that you use the SafeLock option then. We wont let you touch it no matter what once its locked. Try it ,,@ladejobi_,en,1,0,0,0,,
1050417019546456064,4714760909,Thu Oct 11 16:05:07 +0000 2018,"Hi Amaka, apologies for the inconvenience. Kindly send us a DM so we can follow up immediately.",,@Amaakaa_,en,0,0,0,0,,
1050034663958433793,4714760909,Wed Oct 10 14:45:47 +0000 2018,Haha,,@Khaleed_ng,tl,0,1,0,0,,
1049379031483912192,4714760909,Mon Oct 08 19:20:32 +0000 2018,We also picked 10 other winners through a random selection. Congratulations guys,https://t.co/7MEeSYAJ4I,,en,5,1,5,1,,
1049589237040013313,4714760909,Tue Oct 09 09:15:49 +0000 2018,LOL,,,qst,2,2,1,0,,
1049686516644102144,4714760909,Tue Oct 09 15:42:22 +0000 2018,Seen and replied.,,@adeiletweets,en,0,0,0,0,,
1049918854812569601,4714760909,Wed Oct 10 07:05:36 +0000 2018,Good morning. Kindly send us a DM so that we can help.,,@mowaGLINT,en,0,0,0,0,,
1049585021210828802,4714760909,Tue Oct 09 08:59:04 +0000 2018,Good morning. Kindly send us your email address via DM.,,@MimzOgbe,en,0,0,0,0,,
1049690606530949120,4714760909,Tue Oct 09 15:58:37 +0000 2018,That's unusual. Apologies for the inconvenience. We'll follow up via DM.,,@The_Ghosted,en,0,0,1,0,,
1049690188333686784,4714760909,Tue Oct 09 15:56:57 +0000 2018,Apologies for the delayed response. We can confirm that this has been escalated to our payment processors and will be resolved soon.,,@The_Ghosted,en,0,0,0,0,,
1049362886127247360,4714760909,Mon Oct 08 18:16:22 +0000 2018,Apologies for the inconvenience. Kindly send us a DM with your email address so we can help.,,@Emyx3D,en,0,0,1,0,,
1049266989464801280,4714760909,Mon Oct 08 11:55:19 +0000 2018,"Hi. You can withdraw your savings anytime you want. There are 4 free withdrawal days in a year. However, anything outside that attracts a 5 early withdrawal fee.",,@rukey_teejay @Halimaoji,en,0,0,1,0,,
1047469123666632704,4714760909,Wed Oct 03 12:51:14 +0000 2018,We just replied your DM.,,@IbrahimOgunyomi,en,0,0,1,0,,
1047469175084658689,4714760909,Wed Oct 03 12:51:27 +0000 2018,Good afternoon. Kindly send us a DM so that we can help.,,@doyin_aj,en,0,0,0,0,,
1047197207722696705,4714760909,Tue Oct 02 18:50:44 +0000 2018,"Remember 2731 Well, we are back again with the 1960 Quicksave Challenge to encourage you save just a little something. This challenge will run from October 2nd October 7th ",https://t.co/kFQwhRkb6G,,en,8,6,7,2,,
1047197870036852736,4714760909,Tue Oct 02 18:53:22 +0000 2018,"By participating in this challenge, you could be one of 20 winners of 10000 worth of airtime All you have to do is 1. Log into your account 2. QuickSave exactly N1,960. 3. Wait for a surprise badge, and you qualify to win N10,000 airtime.",https://t.co/gQbh7PF0L4,,en,7,2,4,0,,
1047109488052981760,4714760909,Tue Oct 02 13:02:10 +0000 2018,Yay,,@Joypanam,und,1,1,0,0,,
1047039056796950528,4714760909,Tue Oct 02 08:22:18 +0000 2018,Apologies for the delayed response. Kindly send us A dm so we can help.,,@Tomiee_418,en,0,0,0,0,,
1046701465132290049,4714760909,Mon Oct 01 10:00:50 +0000 2018,Good morning. Kindly send us a DM with your email address so that we can help.,,@ObiechinaCosmas,en,0,0,1,0,,
1047075601591488513,4714760909,Tue Oct 02 10:47:31 +0000 2018,"Hi Tee, you may have registered an incorrect email address. Kindly send us a DM with your phone number so we can confirm.",,@Tee_Tayme,en,0,0,0,0,,
1046315356040646657,4714760909,Sun Sep 30 08:26:35 +0000 2018,"Hi Nenye, you may have reached your core savings limit. Simply modify autosave to increase your limit and your autosave will continue as scheduled. You can also send us a DM with your details so we can help.",,@The_Nenye,en,1,0,2,0,,
1045785453524385792,4714760909,Fri Sep 28 21:20:56 +0000 2018,Best,,@younglass007 @amcalled_nuel,en,1,0,0,0,,
1045303228697587713,4714760909,Thu Sep 27 13:24:45 +0000 2018,Kindly send us a DM so that we can help.,,@Mrkayyyy,en,0,0,0,0,,
1045595328609767424,4714760909,Fri Sep 28 08:45:27 +0000 2018,"Good morning, you don't get any interest when you add to a Safelock. However, you can create a new Safelock.",,@Its_osi,en,0,1,1,0,,
1044631291218591745,4714760909,Tue Sep 25 16:54:42 +0000 2018,Could you please try using the internet banking option The 'Direct Bank' option under the quicksave tab.,,@_AdeFunke_,en,0,0,1,0,,
1044545507551571968,4714760909,Tue Sep 25 11:13:50 +0000 2018,Almost ready. In a few weeks ,,@omobabaajayi,en,2,0,1,0,,
1044512813069348864,4714760909,Tue Sep 25 09:03:55 +0000 2018,None today ,,@TollyBobo,en,0,0,0,0,,
1044202962829168640,4714760909,Mon Sep 24 12:32:41 +0000 2018,"Good afternoon, kindly send us a DM so that we can help.",,@blaccwoman__,en,0,0,0,0,,
1044907114337103872,4714760909,Wed Sep 26 11:10:44 +0000 2018,It is ,,@TheBrontide @placeholder30,en,0,0,0,0,,
1043129155364237315,4714760909,Fri Sep 21 13:25:45 +0000 2018,Just do it ,,,en,2,2,0,0,,
1040192598634373125,4714760909,Thu Sep 13 10:56:56 +0000 2018,You can do that too. Simply create a savings challenge on your Piggybank account and name it 'school fees',,@Iketwitt,en,2,0,1,1,,
1040565881166807042,4714760909,Fri Sep 14 11:40:13 +0000 2018,Amen ,,@_Omoijuanfo,en,1,0,0,0,,
1039486067739643904,4714760909,Tue Sep 11 12:09:25 +0000 2018,Thank you Debbie ,,@thatgirldorian,en,0,0,0,0,,
1037695288029458433,4714760909,Thu Sep 06 13:33:30 +0000 2018,"Hi Adeola, click on the savings challenge settings and then click on the red button that says I give Up'",,@adeschrodinger,en,1,1,1,0,,
1037675830686765057,4714760909,Thu Sep 06 12:16:11 +0000 2018,Kindly send us a DM with your email address so we can follow up immediately.,,@atobacool,en,0,0,0,0,,
1037458399980662789,4714760909,Wed Sep 05 21:52:12 +0000 2018,Our payment processors confirmed there's currently a temporal bank downtime. Kindly click on the 'Use a new card option' to add funds manually.,,@tosan_udueyin,en,0,0,0,0,,
1037314281841274882,4714760909,Wed Sep 05 12:19:31 +0000 2018,Thread ,,,en,3,6,0,0,,
1037259755717386240,4714760909,Wed Sep 05 08:42:51 +0000 2018,Apologies for the inconvenience. Kindly logout and log back in. It should work fine.,,@oladipomd,en,0,0,1,0,,
1037314506991566853,4714760909,Wed Sep 05 12:20:25 +0000 2018,Its usually instant for amounts less than N300k. Kindly send us a DM with your details if youll like us to follow up on any request.,,@bassey569,en,0,0,1,0,,
1037278088437161985,4714760909,Wed Sep 05 09:55:42 +0000 2018,"Hi Looks like youre trying to login through the app. Our engineers are currently looking into this issue with the app and it will be resolved asap. In the meantime, please login using the website.",,@purplleReign,en,0,0,1,0,,
1037102219638784000,4714760909,Tue Sep 04 22:16:52 +0000 2018,"Kindly visit for more information and if you have any more questions, please send us a DM.",https://t.co/k9XBVlbFCx,@Elder_Ernie @dannyskillz_ @Oyiin_Bee,en,0,0,0,0,,
1036595287282864129,4714760909,Mon Sep 03 12:42:30 +0000 2018,"The SanitaryAidAugustDonation has now ended. We are so excited to have been able to work with the team on this And to everyone who donated, THANK YOU",https://t.co/x5IiuqNiV6,@freesanitarypad,en,10,11,0,0,,SanitaryAidAugustDonation
1036668547878060032,4714760909,Mon Sep 03 17:33:36 +0000 2018,Ayeee Thanks Lolade ,,@LoladeSowoolu @EziahaA,en,0,0,0,0,,
1037060306663624704,4714760909,Tue Sep 04 19:30:19 +0000 2018,Apologies for the inconvenience. Kindly send us a DM with your email address so we can assist.,,@slyalubo,en,0,0,0,0,,
1036602187084951552,4714760909,Mon Sep 03 13:09:55 +0000 2018,"Yes, its possible as long as the Piggybank user involved grants the consent. Lets discuss this further via DM.",,@MuyiwaSaka,en,0,0,0,0,,
1035177143146295298,4714760909,Thu Aug 30 14:47:18 +0000 2018,"Hi Ife, Kindly visit for more information and if you have any other questions, please send us a DM.",https://t.co/k9XBVlbFCx,@_IfeOlaitan,en,0,0,0,0,,
1035794006402326528,4714760909,Sat Sep 01 07:38:29 +0000 2018,Apologies for the inconvenience. Kindly send us a DM so we can help.,,@dolapo_rukayat @Davies_naancee @bookiekunlere @sinovuyodlepu,en,0,0,0,0,,
1034485323575816192,4714760909,Tue Aug 28 16:58:15 +0000 2018,Congratulations to our payment partners on their funding This is just the beginning guys,,,en,15,9,1,1,,
1034182801925595136,4714760909,Mon Aug 27 20:56:08 +0000 2018,Sure. You can simply 'turn off autosave' on your dashboard.,,@zainab_Bawa_,en,1,0,1,0,,
1034802388647993344,4714760909,Wed Aug 29 13:58:09 +0000 2018,Apologies for the delayed response. Kindly send us a DM so we can help.,,@Wulengme,en,0,0,0,0,,
1033452367512055809,4714760909,Sat Aug 25 20:33:39 +0000 2018,You can now create a savings challenge target savings for this and withdraw for free immediately you hit your target. Awesome yes,,,en,8,9,3,1,,
1033455205478789124,4714760909,Sat Aug 25 20:44:56 +0000 2018,We broke down the process in this thread.,https://t.co/gLA9alVqXJ,@queen_nickki,en,0,0,1,1,,
1034162132110241794,4714760909,Mon Aug 27 19:34:00 +0000 2018,Quick question  How much airtime do you currently have on your phone,,,en,3,2,35,3,,
1034167432464793600,4714760909,Mon Aug 27 19:55:04 +0000 2018,"Sooooooooo, what if we gave you an opportunity to win 10000 airtime just by saving your own money",,,en,6,4,9,1,,
1032639145397641216,4714760909,Thu Aug 23 14:42:12 +0000 2018,"In addition, we actually help you SAVE. Instead of your money disappearing, we give you interests for saving. Every now and then, we give bonuses. There are so many reasons to save with Piggybank guys",,,en,4,4,2,1,,
1032642320674500608,4714760909,Thu Aug 23 14:54:49 +0000 2018,Apologies for this experience. Kindly send us a DM so we can assist.,,@isoemi_,en,0,0,0,0,,
1031884501549555712,4714760909,Tue Aug 21 12:43:31 +0000 2018,Happy holidays to our Muslim brothers and sisters May the blessings of today be with you now and always,https://t.co/jTtbpoghZd,,en,10,3,0,0,,
1032038205766418433,4714760909,Tue Aug 21 22:54:17 +0000 2018,There are NO bank charges ,,@Jephersvn,en,0,0,0,0,,
1032168282550362112,4714760909,Wed Aug 22 07:31:09 +0000 2018,Good morning. Our call lines are available between 9AM  5PM on weekdays only. Excluding public holidays. Please send us a DM with your inquiry.,,@ejuraalphonsus,en,0,0,0,0,,
1031518112552759301,4714760909,Mon Aug 20 12:27:37 +0000 2018,"December is almost here and yes, it can still be awesome but you need to put in work. That's why we are here ",https://t.co/LRyKNo2CfZ,,en,30,24,5,4,,
1031542497724559364,4714760909,Mon Aug 20 14:04:31 +0000 2018,Good afternoon. Apologies for the inconvenience. Kindly send us a dm with your email address so that we can help.,,@Queenonye1 @oadaobie,en,0,0,1,0,,
1031519521360756736,4714760909,Mon Aug 20 12:33:13 +0000 2018,It's in the plan We hope to expand to other countries soon,,@EfoChris,en,0,0,0,0,,
1030513358770974721,4714760909,Fri Aug 17 17:55:05 +0000 2018,Kindly send us a DM with your email address so we can assist.,,@KokoTheHairGirl,en,0,0,0,0,,
1029295630424961024,4714760909,Tue Aug 14 09:16:16 +0000 2018,"If you don't have an account, you can create one by visiting or downloading the app on Play store or App store. Simply search ",https://t.co/XkHhRvkwpz,,en,1,3,2,0,,
1029334844667506688,4714760909,Tue Aug 14 11:52:05 +0000 2018,"Sure. This is in the pipeline. However, be rest assured that your details and funds are 100 safe.",,@williamolojede,en,0,0,0,0,,
1027896622775193604,4714760909,Fri Aug 10 12:37:06 +0000 2018,Who's excited,https://t.co/CBTi9j5sSI,,en,31,11,8,0,,
1027832812244803584,4714760909,Fri Aug 10 08:23:33 +0000 2018,Kindly send us a DM so that we can help.,,@Jenn_nikolas,en,0,0,0,0,,
1027518207245070337,4714760909,Thu Aug 09 11:33:25 +0000 2018,"Hi Abiodun, apologies for the inconvenience. OTPs are usually sent by your bank and there might have been a downtime when you made an attempt. Kindly send us a DM with your email address so we can confirm and assist.",,@jolaoso_seun,en,0,0,0,0,,
1026760699597475840,4714760909,Tue Aug 07 09:23:21 +0000 2018,Have you joined the challenge yet It's not too late guys,,,en,1,0,1,0,,
1025364142235037700,4714760909,Fri Aug 03 12:53:56 +0000 2018,Log into your dashboard on the website  to get your July interest guys,https://t.co/XkHhRvkwpz),,en,6,4,5,0,,
1024967555595816960,4714760909,Thu Aug 02 10:38:02 +0000 2018,Our DMs are open ,,@femitemplar1,en,0,0,1,0,,
1025291999107342337,4714760909,Fri Aug 03 08:07:16 +0000 2018,"Yes, it's hosted on our platform.",,@joshua_atte,en,2,0,1,0,,
1024614435225317376,4714760909,Wed Aug 01 11:14:52 +0000 2018,"Absolutely, you get daily interests on your savings.",,@anu_svelte @CrowdedLagos,en,0,0,0,0,,
1024411602995609605,4714760909,Tue Jul 31 21:48:53 +0000 2018,"Not at the moment, but it's in the works.",,@Otobibaba,en,0,0,0,0,,
1023832750015631360,4714760909,Mon Jul 30 07:28:44 +0000 2018,"Good morning. We can find us at 16 Boyle Street, Onikan Lagos.",,@TheTrueSaheed,en,1,0,0,0,,
1024254509391007744,4714760909,Tue Jul 31 11:24:39 +0000 2018,"Hi Chinemerem, Kindly visit to create an account. You can also download the app on PlayStore or App Store. Simply search  If you have any other questions, don't hesitate to ask.",https://t.co/XkHhRvkwpz,@Aunty_Neme @trixandra @cowrywise,en,0,0,0,0,,
1023143250121637888,4714760909,Sat Jul 28 09:48:54 +0000 2018,We do. Having any issues Kindly send a DM.,,@IjeomaOgud,en,0,0,1,0,,
1023143446150897664,4714760909,Sat Jul 28 09:49:41 +0000 2018,"Hi, apologies for the inconvenience. Kindly send us a DM with your email address and the limit you'll like to set.",,@official__Aga,en,0,0,1,0,,
1022866429035601921,4714760909,Fri Jul 27 15:28:55 +0000 2018,Good evening. Please visit to get familiar with the platform. Do let us know if you have any other questions.,https://t.co/k9XBVlbFCx,@sir_k_kezman,en,0,0,0,0,,
1022819375051628544,4714760909,Fri Jul 27 12:21:56 +0000 2018,Yes. It does apply only on your core savings.,,@mz_zina,en,0,0,0,0,,
1022818103581925376,4714760909,Fri Jul 27 12:16:53 +0000 2018,Apologies for the inconvenience. Kindly send us a DM so we can help.,,@_Thalia_M,en,0,0,0,0,,
1020373180752506880,4714760909,Fri Jul 20 18:21:38 +0000 2018,What do you use your Piggybank for Tell us ,https://t.co/Qa5EoAwGBA,,en,13,3,11,1,,
1021385566959685632,4714760909,Mon Jul 23 13:24:30 +0000 2018,Money Myths You Wish You Had Known by,https://t.co/gQbh7PF0L4,,en,4,4,0,1,,
1017274678350700545,4714760909,Thu Jul 12 05:09:18 +0000 2018,"Hi Fene, sincere apologies for the delayed response. Your bank account information has been updated.",,@Ladie_Dupsie @Fene2208,en,0,0,0,0,,
1016655160330932224,4714760909,Tue Jul 10 12:07:33 +0000 2018,Simple Tricks To Save Money Faster by,https://t.co/gQbh7PF0L4,,en,20,6,0,1,,
1016231165248843777,4714760909,Mon Jul 09 08:02:45 +0000 2018,1 point  N10. So if you get say 100 points that amounts to N1000.,,@hadassah112,en,1,0,1,0,,
1016586341604261888,4714760909,Tue Jul 10 07:34:05 +0000 2018,Plot twist  It's already there ,,@Ejiofor_Eric,en,0,0,1,0,,
1016629349695524865,4714760909,Tue Jul 10 10:24:59 +0000 2018,facepalm,https://t.co/QXdoCnximH,,en,2,0,0,0,,
1016245387798241280,4714760909,Mon Jul 09 08:59:16 +0000 2018,It is 12.4 annually 365 days. You can get up to that if you lock for 1000 days.,,@Yinka_freeman @olatunjilegend @yinkanubi,en,0,0,2,0,,
1015129736710934529,4714760909,Fri Jul 06 07:06:04 +0000 2018,Good morning. Kindly send us a DM with your email address.,,@subomiOluwalana,en,0,0,0,0,,
1014448763551846400,4714760909,Wed Jul 04 10:00:07 +0000 2018,"Good morning, Just on the website for now. The app will be updated soon.",,@Tahmahraah,en,0,0,0,1,,
1014884896173645824,4714760909,Thu Jul 05 14:53:09 +0000 2018,Apologies for the inconvenience. Kindly send us a DM with your email address so we can send you a statement of account.,,@HeyDesola_,en,0,0,0,0,,
1012994200885964800,4714760909,Sat Jun 30 09:40:12 +0000 2018,Thank you for the suggestion ,,@TheJenniferAbah,en,0,0,0,0,,
1013013057734406145,4714760909,Sat Jun 30 10:55:08 +0000 2018,Good luck in your new endeavor,,@Sanskid,en,0,1,0,1,,
1012393774809518080,4714760909,Thu Jun 28 17:54:19 +0000 2018,Not at the moment but hopefully in the nearest future.,,@optixbaba,en,0,0,0,1,,
1012737559187902471,4714760909,Fri Jun 29 16:40:24 +0000 2018,"Hi, apologies for the delayed response. This has been treated already.",,@FlynnDghost,en,0,0,0,0,,
1013125589744738305,4714760909,Sat Jun 30 18:22:18 +0000 2018,Apologies for the inconvenience. Kindly send us a DM with your email address so we can help.,,@akintonmide,en,0,0,0,0,,
1011926062287278081,4714760909,Wed Jun 27 10:55:48 +0000 2018,Just because there's nothing wrong in a visual representation of some of yesterday's tweets ,https://t.co/GL0cmaVriE,,en,7,11,1,2,,
1012035797443399683,4714760909,Wed Jun 27 18:11:51 +0000 2018,"Hi Debbb, Kindly send us a DM so we can put you through.",,@__debbb,en,0,0,0,0,,
1012338730819051520,4714760909,Thu Jun 28 14:15:36 +0000 2018,"Hi there, you can't quicksave directly into your flex account. You can only quicksave into your core savings. Your flex account is where all your interests are paid including money returned from your safelockminimum of 3 months",,@paperglass_,en,0,0,0,0,,
1011713806379159553,4714760909,Tue Jun 26 20:52:22 +0000 2018,Take us.,https://t.co/X4KoHk4c4u,,en,6,2,0,0,,
1011714127193165826,4714760909,Tue Jun 26 20:53:39 +0000 2018,"For every 2500, you get 1 point.",,@kbadejo007,en,1,0,1,0,,
1011617214967971841,4714760909,Tue Jun 26 14:28:33 +0000 2018,"Twerk, Damie, twerk.",,@lola_tomide,nl,0,0,1,0,,
1011550172822884352,4714760909,Tue Jun 26 10:02:09 +0000 2018,This is so nice to read ,,@PeejayPumpin,en,0,0,0,0,,
1011542641647996928,4714760909,Tue Jun 26 09:32:13 +0000 2018,Lol Usman. We gotchu still. You can quicksave from your flex too ,,@PaullyAbu,en,0,0,1,0,,
1011531545310584832,4714760909,Tue Jun 26 08:48:08 +0000 2018,"Your Piggy Flex Account is a subaccount where all interests earned on will be paid, including funds returned from your SafeLockOn maturity. All funds in your Piggy Flex Account can be accessed anytime, at no charge.",https://t.co/gQbh7PF0L4,,en,16,9,3,2,,
1011540820384772096,4714760909,Tue Jun 26 09:24:59 +0000 2018,"And to close this epistle, please note that everyone already HAS a PiggyFlex account by default. You can check for yours on our website Once again, thank you for sticking with us. We LOVE you, like a lottttt",https://t.co/XkHhRvkwpz),,en,1,2,1,0,,
1011320453938466816,4714760909,Mon Jun 25 18:49:20 +0000 2018,Grinning from ear to ear ,,,en,3,0,1,2,,
1010998528628412416,4714760909,Sun Jun 24 21:30:07 +0000 2018,Apologies for the inconvenience. Kindly send us a DM so we can confirm this and rectify immediately.,,@itsAduke,en,0,0,0,0,,
1010142029140111360,4714760909,Fri Jun 22 12:46:41 +0000 2018,We've said what we've said . Predict your own TGIF supereagles WorldCup2018,https://t.co/Q6MI53oyi7,,en,15,8,15,10,,TGIF supereagles WorldCup2018
1009731825810444288,4714760909,Thu Jun 21 09:36:41 +0000 2018,That's wrong. It has always been 6 for regular savings and 10.95 for SafeLock since 2017.,,@greatndidi @Prosquid,en,0,0,1,0,,
1009707312028749824,4714760909,Thu Jun 21 07:59:17 +0000 2018,Good morning. We give 6 annually.,,@rochnotes,en,0,0,0,0,,
1009736740020637696,4714760909,Thu Jun 21 09:56:13 +0000 2018,That's a fraction. Kindly see for more information.,https://t.co/k9XBVlbFCx,@greatndidi @Prosquid,en,0,0,0,0,,
1009729764406579200,4714760909,Thu Jun 21 09:28:30 +0000 2018,No issues. Can you have them send us a DM,,@soji_wale,en,0,0,0,0,,
1009124895437959168,4714760909,Tue Jun 19 17:24:58 +0000 2018,Yessss. SenegalesePiggy,https://t.co/3YbCShhIUA,,und,1,1,1,0,,SenegalesePiggy
1008640973801435136,4714760909,Mon Jun 18 09:22:02 +0000 2018,No they're not. Kindly send us a DM so we can put you through.,,@purplleReign,en,0,0,1,0,,
1008472431776935942,4714760909,Sun Jun 17 22:12:18 +0000 2018,No its not. We just sent you a DM.,,@TheOrbMaverick,en,0,0,0,0,,
1008669854604447744,4714760909,Mon Jun 18 11:16:48 +0000 2018,Kindly send us a DM so we can put you through.,,@UCHIZY_,en,0,0,0,0,,
1008634361007271936,4714760909,Mon Jun 18 08:55:45 +0000 2018,Sure. Kindly send us a DM so we can put you through.,,@anu_svelte,en,0,0,0,0,,
1007592651296735232,4714760909,Fri Jun 15 11:56:22 +0000 2018,Apologies for the delayed response. Kindly send us a DM so we can put you through,,@toideve,en,0,0,1,0,,
1007120377821171712,4714760909,Thu Jun 14 04:39:44 +0000 2018,Kindly send us a DM with your details so we can help.,,@owaleey,en,1,0,0,0,,
1006524171327852544,4714760909,Tue Jun 12 13:10:37 +0000 2018,Good afternoon. What issue are you having,,@mz_topshay,en,0,0,1,0,,
1006450807640903682,4714760909,Tue Jun 12 08:19:06 +0000 2018,Good morning. Please can you send us a screenshot of the error message you are getting.,,@lammyy_a,en,0,0,1,0,,
1006571345994502146,4714760909,Tue Jun 12 16:18:04 +0000 2018,Hello there. We just sent you a DM.,,@IamPattern,en,0,0,0,0,,
1006253993289535488,4714760909,Mon Jun 11 19:17:01 +0000 2018,Kindly send us a DM with your email address so we can send you a new password.,,@ChiomaM_,en,0,0,0,0,,
1006451109949509632,4714760909,Tue Jun 12 08:20:18 +0000 2018,"Good morning. Please can you try to clear your browser cache and put your phone on airplane mode and back. If you can, also try to use a different network provider and restart the app completely. If you still have any issues, please send us a DM.",,@TheAbebiSimpson,en,0,0,0,0,,
1005719461024948224,4714760909,Sun Jun 10 07:52:59 +0000 2018,What's the exact error message you're getting DM,,@Simmss__K,en,0,0,1,0,,
1006221500352028673,4714760909,Mon Jun 11 17:07:55 +0000 2018,Just sent you a DM.,,@Cheeckar,en,0,0,0,0,,
1006198498956644352,4714760909,Mon Jun 11 15:36:31 +0000 2018,Apologies for the inconvenience. Just sent you a DM.,,@fash_21861,en,1,0,1,0,,
1005093670297788416,4714760909,Fri Jun 08 14:26:19 +0000 2018,"Hi Gracy, apologies for the inconvenience. Sending you a DM right away.",,@Gracymama1,en,1,0,1,0,,
1005176648281542656,4714760909,Fri Jun 08 19:56:02 +0000 2018,Yes you can turn it off directly from 'account settings' on your dashboard.,,@sabur_ajao,en,1,0,0,0,,
1004691508438687744,4714760909,Thu Jun 07 11:48:16 +0000 2018,Yes please ,,@yincah,en,0,0,0,0,,
1002839307164508160,4714760909,Sat Jun 02 09:08:17 +0000 2018,Welcome onboard ,,@TimeyinPI @AishaSalaudeen,en,1,0,0,0,,
1003598364095799299,4714760909,Mon Jun 04 11:24:30 +0000 2018,Uncross them __,,@JesseEkpo,en,0,0,0,0,,
1002502146456195072,4714760909,Fri Jun 01 10:48:31 +0000 2018,We are soooooooooooooooo excited about what June holds in store for us Thank you for your support and love so far. We can't wait to do even more  WelcomeJune.,https://t.co/cUR4DAPNS8,,en,33,7,3,0,,WelcomeJune
1002312673437118464,4714760909,Thu May 31 22:15:38 +0000 2018,Glad you had fun. See you next month ,,@OzzyPaul @Bestman_games,en,2,0,0,0,,
1002245546512351232,4714760909,Thu May 31 17:48:53 +0000 2018,Thanks,,@kunle_jinadu @OdunEweniyi @JoshChibueze @somtoifezue,en,0,0,0,0,,
1002120243169423360,4714760909,Thu May 31 09:30:59 +0000 2018,Piggybank secures 1.1 million seed funding via,https://t.co/L4FEZZ6WBZ,@Techpointdotng,en,32,38,3,8,,
1002119627227500544,4714760909,Thu May 31 09:28:32 +0000 2018,Kindly email contact.ng,,@mickey10j @piggybank,en,0,0,0,0,,
1001390641480454144,4714760909,Tue May 29 09:11:48 +0000 2018,"Good morning. You can send us a dm, we'll resolve the issue.",,@yarinya_,en,0,0,0,0,,
1001078920010231808,4714760909,Mon May 28 12:33:08 +0000 2018,Lool It will get better ,,@moshp__,en,0,0,1,0,,
1001159113018134533,4714760909,Mon May 28 17:51:47 +0000 2018,Yes please,,@Adebambo_A,en,0,0,0,0,,
1000335418297081856,4714760909,Sat May 26 11:18:43 +0000 2018,Who are you supporting tonight Liverpool or Madrid PiggyFootie,,,en,7,1,12,7,,PiggyFootie
1000062961984077824,4714760909,Fri May 25 17:16:05 +0000 2018,Welcome,,@bullionpapi,en,0,0,1,0,,
999582967692517376,4714760909,Thu May 24 09:28:45 +0000 2018,"Hi there Once your Safelock reaches maturity, it automatically goes to your Piggybank account.",,@____teno,en,0,0,1,0,,
999256532549292032,4714760909,Wed May 23 11:51:37 +0000 2018,What can your account balance buy right now,,,en,8,1,17,24,,
998862407228383232,4714760909,Tue May 22 09:45:30 +0000 2018,Yasssssssssssss Piggy twerk,https://t.co/RFOi8pgMNv,,en,6,0,0,0,,
997458471749607424,4714760909,Fri May 18 12:46:46 +0000 2018,It will get better ,,@orhla__,en,0,0,1,0,,
999248514927427586,4714760909,Wed May 23 11:19:45 +0000 2018,Kindly send us a DM with your email address so we can confirm your last debit and current balance.,,@nelokoye696,en,0,0,0,0,,
997061502329860098,4714760909,Thu May 17 10:29:21 +0000 2018,"If you had 1, 000, 000 to spend in one day, what would you spend it on",https://t.co/sYXSA8X82x,,en,7,6,21,27,,
997113029581049856,4714760909,Thu May 17 13:54:06 +0000 2018,hahahaha,,@AbeBey__,tl,0,0,0,0,,
995989458410524672,4714760909,Mon May 14 11:29:26 +0000 2018,This could be you but y'all are playing. continues thanking Instagram folks,https://t.co/4A8orqA73o,,en,6,1,2,0,,
994642396582502400,4714760909,Thu May 10 18:16:41 +0000 2018,Apologies for the inconvenience. Kindly check your app to ensure the automatic logout after 2 minutes is not active.,,@itunuloluwa,en,0,0,0,1,,
994633430582390784,4714760909,Thu May 10 17:41:03 +0000 2018,"Hi Nneoma, we had technical issues earlier with Autosave and Quicksave transactions but this has been fixed now.",,@_Nneoma__,en,0,1,0,0,,
993828953147265024,4714760909,Tue May 08 12:24:21 +0000 2018,Safelock,https://t.co/J5erwyO9Iy,,qme,6,1,0,0,,Safelock
993493988396142592,4714760909,Mon May 07 14:13:19 +0000 2018,Shallat to you,https://t.co/88tpoxhtGd,,en,3,2,0,0,,
989783682536927232,4714760909,Fri Apr 27 08:29:53 +0000 2018,"Hi, Kindly send us a DM with your email address so we can follow up immediately.",,@AxlPif,en,0,0,1,0,,
988768665406459904,4714760909,Tue Apr 24 13:16:34 +0000 2018,It usually reflects immediately. Kindly send us a DM if you'll like us to followup with any transaction.,,@Behankey_,en,0,0,1,0,,
989120243376312320,4714760909,Wed Apr 25 12:33:37 +0000 2018,Kindly send a DM with your details so we can followup.,,@ObiechinaCosmas,en,0,0,0,0,,
987601366972555266,4714760909,Sat Apr 21 07:58:09 +0000 2018,"Kindly see for more. If you have any more questions, kindly send us a DM.",https://t.co/cGS9R0rq8F,@abba__lawal,en,0,0,1,0,,
987794131476008965,4714760909,Sat Apr 21 20:44:07 +0000 2018,Apologies for the inconvenience. Kindly send us a DM with your email address so we can confirm.,,@bayo_aduloju,en,0,0,0,0,,
984057828754317313,4714760909,Wed Apr 11 13:17:23 +0000 2018,if you then didnt you dont love me deserve me at my at my,https://t.co/5ZSE3gmsaL,,en,21,25,3,0,,
985816550052679680,4714760909,Mon Apr 16 09:45:55 +0000 2018,"Check your dictionary, it's right there after beylic. MondayMotivation",https://t.co/8YSVlTxbBn,,en,63,49,2,6,,MondayMotivation
985809892954042369,4714760909,Mon Apr 16 09:19:28 +0000 2018,Apologies for the inconvenience. Kindly send us a DM with your email address so we can check.,,@cvkng,en,0,0,0,0,,
986523139411709952,4714760909,Wed Apr 18 08:33:39 +0000 2018,Apologies for the mixup. We have just sent you a DM.,,@3rdopeking @cvkng,en,0,0,0,0,,
983268284022820864,4714760909,Mon Apr 09 09:00:01 +0000 2018,What's your goal for this week It's very important to set out goalstargets for yourself as frequently as you can. It helps you measure your performance MondayMotivation,https://t.co/KnZ1flAbOW,,en,5,1,0,0,,MondayMotivation
981546678112186369,4714760909,Wed Apr 04 14:58:58 +0000 2018,Kindly send us a DM with your email address so we can help.,,@smokijay,en,0,0,0,0,,
982943089965838338,4714760909,Sun Apr 08 11:27:49 +0000 2018,Their systems are back up. Kindly try again and let us know the feedback.,,@Dumebii_A,en,0,0,0,0,,
981854604559372289,4714760909,Thu Apr 05 11:22:34 +0000 2018,It shouldn't. Apologies for the inconvenience. Kindly send us a DM with your email address so we can follow up immediately.,,@IamPattern,en,0,0,0,0,,
981096411373727745,4714760909,Tue Apr 03 09:09:47 +0000 2018,"The SafeLock feature has to be my favorite because I can lock money away for a while and find other means of generating money, simply the best.  We just published MeetAPiggybankSaver Bookie  by",https://t.co/L5xlkYhitY,@bookiekunlere @PiggyBankNG,en,5,5,0,1,,MeetAPiggybankSaver
981143231965655040,4714760909,Tue Apr 03 12:15:49 +0000 2018,"Hopefully, you won't have to wait for too long",,@Iggy_Ignis,en,0,0,0,0,,
981100112733790208,4714760909,Tue Apr 03 09:24:29 +0000 2018,Okay kindly send us a DM so we can guide you accordingly.,,@_Fyzzy,en,0,0,0,0,,
981470236963729409,4714760909,Wed Apr 04 09:55:13 +0000 2018,"This feature isn't available yet but be rest assured it's on our product roadmap. However, for now, you can set a fixed amount and be in total control of what leaves your account at anytime.",,@Litiini,en,0,0,0,0,,
980855644872900608,4714760909,Mon Apr 02 17:13:03 +0000 2018,Not hurt AT ALL,https://t.co/4KdTtajEx7,,en,8,3,5,2,,
980860382213558277,4714760909,Mon Apr 02 17:31:53 +0000 2018,Seeeee.,https://t.co/PwAaX8Q0iZ,@keshimora,und,2,1,0,0,,
980860399577911297,4714760909,Mon Apr 02 17:31:57 +0000 2018,Thanks,,@Mss_Incredible,en,1,0,0,0,,
980740410631970816,4714760909,Mon Apr 02 09:35:09 +0000 2018,"Good morning. Piggybank basically helps you put away funds you dont want to touch easily. Kindly visit for a comprehensive information about the platform and if you have more questions, please let us know.",https://t.co/k9XBVlbFCx,@DrLotenna,en,0,0,1,0,,
980741341163507712,4714760909,Mon Apr 02 09:38:51 +0000 2018,"Piggybank basically helps you put away funds you dont want to touch easily. Kindly visit for a comprehensive information about the platform and if you have more questions, please let us know.",https://t.co/k9XBVlbFCx,@ennyranti,en,1,0,0,0,,
980362026236116992,4714760909,Sun Apr 01 08:31:35 +0000 2018,Word to the Son of God. Happy Easter folks,https://t.co/jx1hpA3XUv,,en,5,3,1,0,,
979291721686233088,4714760909,Thu Mar 29 09:38:35 +0000 2018,One of the values we provide is helping people build wealth small small. You never really know how much you can amass when you become more disciplined with your finances.,https://t.co/KeK6Vs70iz,,en,4,0,0,0,,
978966925656121345,4714760909,Wed Mar 28 12:07:58 +0000 2018,This might be an issue of blocked funds. Kindly check with your bank to ensure you have access.,,@NisforNora,en,0,0,0,0,,
980739757629165568,4714760909,Mon Apr 02 09:32:34 +0000 2018,Good morning. Please send us a dm.,,@movivant,en,0,0,0,0,,
978965869824004096,4714760909,Wed Mar 28 12:03:46 +0000 2018,Our DMs are open ,,@bookiekunlere @Sureife,en,0,1,0,0,,
978716196206989313,4714760909,Tue Mar 27 19:31:39 +0000 2018,You'll be able to convert to cash in a few days ,,@wexcely,en,1,0,1,0,,
978706225880760322,4714760909,Tue Mar 27 18:52:02 +0000 2018,Apologies for the inconvenience. Still having issues,,@Taisie_,en,0,0,1,0,,
978648748929769473,4714760909,Tue Mar 27 15:03:38 +0000 2018,It works perfectly now. Apologies for the inconvenience.,,@DeBOLx,en,0,0,1,0,,
977153536147578880,4714760909,Fri Mar 23 12:02:12 +0000 2018,Thanks guys ,,@CovenantUAlumni,en,0,0,0,0,,
978336415481245696,4714760909,Mon Mar 26 18:22:32 +0000 2018,Definitely. You can pause your autosave and stick with Quicksave only.,,@_ali_mansoor,en,0,0,1,0,,
978225035885334529,4714760909,Mon Mar 26 10:59:57 +0000 2018,Apologies for the inconvenience. Kindly send us a DM with your email address,,@Chidi_Guru,en,0,0,0,0,,
976145847573467137,4714760909,Tue Mar 20 17:18:00 +0000 2018,Thank you ,https://t.co/WMfugkdUS5,,en,1,2,0,0,,
976053832164761600,4714760909,Tue Mar 20 11:12:22 +0000 2018,How's your Tuesday going guys,,,en,4,0,6,2,,
976068644798164994,4714760909,Tue Mar 20 12:11:14 +0000 2018,Kindly send a DM with a screenshot so we can fix immediately.,,@Lord_Clem,en,0,0,1,0,,
976834764475912193,4714760909,Thu Mar 22 14:55:31 +0000 2018,Kindly uninstall and reinstall and let us know the feedback.,,@diaryofada,en,0,0,1,0,,
976056971039211522,4714760909,Tue Mar 20 11:24:50 +0000 2018,Points at Josh and Terry,,@OdunEweniyi @JoshChibueze @terry_kanu,en,0,0,1,0,,
976323056183468033,4714760909,Wed Mar 21 05:02:10 +0000 2018,Apologies for the inconvenience. Kindly send us a DM with your email address so we can help.,,@aedeeae,en,0,0,0,0,,
974673922431115265,4714760909,Fri Mar 16 15:49:06 +0000 2018,NoPressure o. TGIF,https://t.co/x35lhCvjNC,,und,0,2,1,0,,NoPressure TGIF
973180249004527616,4714760909,Mon Mar 12 12:53:46 +0000 2018,Hmm. Why,,@Sir_masco,en,0,0,1,0,,
973497416140943360,4714760909,Tue Mar 13 09:54:05 +0000 2018,We love you ,,@asemota,en,1,0,0,0,,
974265187418169344,4714760909,Thu Mar 15 12:44:56 +0000 2018,Ah. Please,,@NisforNora,en,0,0,0,0,,
973852702080892928,4714760909,Wed Mar 14 09:25:52 +0000 2018,Yeah if you have an active Nigerian bank account with a debit card.,,@QueenRuu_,en,0,0,0,0,,
972029698078322688,4714760909,Fri Mar 09 08:41:54 +0000 2018,Feels like a lot of people have been looking forward to today. Why,,,en,2,2,2,0,,
973089590994141184,4714760909,Mon Mar 12 06:53:32 +0000 2018,You won't be charged.,,@chiizzy_,en,0,0,1,0,,
972762321872478208,4714760909,Sun Mar 11 09:13:05 +0000 2018,"Hi, apologies for the inconvenience. Kindly send us a DM with your email address so we can check immediately.",,@iDeric,en,0,0,0,0,,
971715275870613506,4714760909,Thu Mar 08 11:52:30 +0000 2018,Buttttt you are,,@Odunlala,en,1,1,0,0,,
971335786837704704,4714760909,Wed Mar 07 10:44:32 +0000 2018,Apologies for the inconvenience. Kindly send us a DM with a screenshot so we can help.,,@Duchessnaresh,en,0,0,0,0,,
970977289105125378,4714760909,Tue Mar 06 11:00:00 +0000 2018,"Limited and controlled access to funds. Hence, forcing you to save and creating more financial stability.",,@domi_ie @DadaBen_,en,0,0,0,0,,
970977847690059776,4714760909,Tue Mar 06 11:02:13 +0000 2018,"You also enjoy the simplicity, convenience and flexibility of setting aside funds either daily, weekly or monthly for a specific purpose or for unforeseen circumstances.",,@domi_ie @DadaBen_,en,0,0,0,0,,
969101880659005441,4714760909,Thu Mar 01 06:47:48 +0000 2018,Yasssssssssssssss,https://t.co/t8euvQDMUY,,und,0,1,0,0,,
970340515710455808,4714760909,Sun Mar 04 16:49:41 +0000 2018,Apologies for the inconvenience. Kindly send us a DM with your email address and specify the amount requested so we can follow up accordingly.,,@meenajayy,en,0,0,1,0,,
968146846605631493,4714760909,Mon Feb 26 15:32:50 +0000 2018,"Arese Ugwu, is the author of the bestselling and groundbreaking The Smart Money Woman, the financialchicklit novel that has taken Africa by storm. She will be speaking alongside PiggyBank's on Thursday at the Social Media Week Lagos.",https://t.co/LC1r6r05bo,@smartmoneyarese @OdunEweniyi,en,3,4,1,0,,
968511672854990848,4714760909,Tue Feb 27 15:42:31 +0000 2018,Oh awesome. Thanks ,,@Sunmisholar,en,0,0,0,0,,
968244013877923840,4714760909,Mon Feb 26 21:58:56 +0000 2018,You have to contact your bank to link your debit card to your savings account instead or do a transfer from your savings to your current in the meantime.,,@__Crosss,en,0,0,0,0,,
966953564688936960,4714760909,Fri Feb 23 08:31:09 +0000 2018,When is pay day in your company,,,en,2,5,0,7,,
966663811489939457,4714760909,Thu Feb 22 13:19:47 +0000 2018,Piggy saving with Piggybank. Piggyception. Musingsofanintellectual,,,en,1,1,0,1,,Musingsofanintellectual
965895589950091265,4714760909,Tue Feb 20 10:27:08 +0000 2018,Quick one,https://t.co/AaV2TfWS8J,,en,1,1,0,0,,
964839394703237120,4714760909,Sat Feb 17 12:30:12 +0000 2018,After spending all your money on Val's Day gift.,https://t.co/k37nlQZDto,,en,2,1,0,0,,
964461167556079617,4714760909,Fri Feb 16 11:27:15 +0000 2018,No pressure,,,en,0,0,0,0,,
964048780088758272,4714760909,Thu Feb 15 08:08:34 +0000 2018,Apologies for the inconvenience. We had a slight technical glitch and it's been rectified now.,,@gbengagbadebo,en,0,0,1,0,,
963805888522997761,4714760909,Wed Feb 14 16:03:25 +0000 2018,FASTEST FINGERS FIRST Answer the questions correctly and win a ticket to see the Black Panther Movie at The Filmhouse IMAX Cinemas Lekki. Your popcorn and drink is on us too. We'll be picking the 2 fastest winners ,https://t.co/b61DSXLs4H,,en,1,3,11,1,,
963543067495104512,4714760909,Tue Feb 13 22:39:03 +0000 2018,Ahn ahn. Nawa o.,https://t.co/eKonNHmuqO,,in,1,7,2,2,,
963714185573142529,4714760909,Wed Feb 14 09:59:01 +0000 2018,Woooooooooooooow,,@esibobbie @kayseeee_ @Seyi__,und,0,0,1,0,,
963739171549523968,4714760909,Wed Feb 14 11:38:18 +0000 2018,Kindly visit the website gt on a Google Chrome browser or simply download the app search ' on the AppStore or Playstore to get started immediately.,https://t.co/N4QfG98yZd,@temitopeowopp,en,0,0,1,0,,
963713910342905856,4714760909,Wed Feb 14 09:57:55 +0000 2018,You are special ,,@iAmMrsHafsatO,en,1,0,0,0,,
963742250487504897,4714760909,Wed Feb 14 11:50:32 +0000 2018,Kindly send us a DM with your email address.,,@temitopeowopp,en,0,0,0,0,,
963802282138664960,4714760909,Wed Feb 14 15:49:05 +0000 2018,We sincerely apologize. Kindly send us a dm with your email address.,,@De_LasCuevas,en,0,0,0,0,,
578281885576622080,111794834,Wed Mar 18 19:48:40 +0000 2015,Dem pss days.. piggyvest punksnotdead,https://t.co/sIMimoFprI,,en,1,0,0,0,,piggyvest punksnotdead
963405455879000066,4714760909,Tue Feb 13 13:32:14 +0000 2018,YOU GUYSSSSSSSSSSSSSSSSSSSSSSSSSSSSSSSSSSSSSSSSSSSSSSSSSSSSSSSSSSSSSSSSSSSSSSS,,,en,4,3,3,8,,
501364620624674816,2503230894,Mon Aug 18 13:46:55 +0000 2014,KursiMalasSendeanJogja butuh  A.uang B.liburan C.pulsa D.someone,,,in,0,0,0,0,,KursiMalasSendeanJogja
501356710142173184,2503230894,Mon Aug 18 13:15:29 +0000 2014,KursiMalasSendeanJogja cewe ingetin pacar solat jumat ga,,,in,0,0,0,0,,KursiMalasSendeanJogja
501377757130272768,2503230894,Mon Aug 18 14:39:07 +0000 2014,KursiMalasSendeanJogja kangen suasana kelas berapa,,,in,0,0,0,0,,KursiMalasSendeanJogja
961546472494977024,4714760909,Thu Feb 08 10:25:18 +0000 2018,Oh Hugs.,,@trafels,en,0,0,0,0,,
503411414267330560,2503230894,Sun Aug 24 05:20:08 +0000 2014,AF INSTAGRAM  Cowok Kamu udah lebih tinggi dari ayahmu ,http://t.co/fxmT39w50s,,in,0,0,0,0,,
963392051021778951,4714760909,Tue Feb 13 12:38:58 +0000 2018,We sincerely apologize. Kindly send us a DM. Thank you.,,@DeBOLx,en,0,0,1,0,,
963018427437903873,4714760909,Mon Feb 12 11:54:19 +0000 2018,Apologies for the inconvenience. Kindly send us a DM with your bank information so we can help update.,,@mayour_p,en,0,0,1,0,,
963416645455810560,4714760909,Tue Feb 13 14:16:42 +0000 2018,jazz music stops,,@Deydehco,en,0,0,0,0,,
501325705209458688,2503230894,Mon Aug 18 11:12:16 +0000 2014,KursiMalasSendeanJogja Setelah putus biasanya jadi TEMAN  MUSUH ,,,in,0,0,0,0,,KursiMalasSendeanJogja
499817449228095488,2503230894,Thu Aug 14 07:19:00 +0000 2014,LupaNamaAsliKeren Pengen punya rumah yang kamu desain sendiri ,,,in,0,0,0,0,,LupaNamaAsliKeren
325941539350130688,1369295006,Sun Apr 21 11:58:13 +0000 2013,sweet nio namn kuya daniel at ate kathryn,,@BossKathNiel,tl,0,0,0,0,,
326908718295941122,1369295006,Wed Apr 24 04:01:26 +0000 2013,anq init tlaqa nanq panahon nqayun,,,tl,0,0,0,0,,
326873884337000449,1369295006,Wed Apr 24 01:43:01 +0000 2013,hai po ate kathryn sorry po mali spelling ko sa ate,,@KATHNIELtweeeps,tl,0,0,0,0,,
326698596256849920,1369295006,Tue Apr 23 14:06:29 +0000 2013,hai po ate kathryn kuya daniel,,@teamKATHNIEL @DudeShutUp,tl,0,0,0,0,,
